,problem,username,cycle_list,is_success,cycle_num_edges,has_cycle,has_long_cycle,not_has_cycle,cycle_num_edits_with_missing_clues,cycle_num_rewrite_edits,cycle_num_trivial_edits,cycle_clues,cycle_edits,has_breakout_edge,breakout_edge_tags,has_0_breakout_edge,has_m_breakout_edge,has_a_breakout_edge,has_l_breakout_edge,has_d_breakout_edge,cycle_has_only_trivial_edits,cycle_has_only_rewrite_edits,has_substantial_edits,has_missing_clues,not_has_missing_clues
0,generateCardDeck,student23,"[(1, 1), (1, 1), (1, 1), (1, 1), (1, 1), (1, 1)]",False,6,True,True,False,6,6,3,"[{1, 2, 4}, {1, 2, 4}, {1, 2, 4}, {1, 2, 4}, {1, 2, 4}, {1, 2, 4}]","[[0], ['m2'], ['m2'], [0], [0], ['m2']]",False,[],False,False,False,False,False,False,True,False,True,False
1,generateCardDeck,student33,[],True,0,False,False,True,0,0,0,[],[],False,[],False,False,False,False,False,False,False,False,False,False
2,generateCardDeck,student35,"[(3, 3)]",False,1,True,False,False,1,1,0,"[{1, 2, 4}]",[['m4']],True,['m4'],False,True,False,False,False,False,True,False,True,False
3,generateCardDeck,student40,"[(1, 1), (1, 1)]",True,2,True,False,False,0,1,0,"[{1, 2, 3, 4, 5}, {1, 2, 3, 4, 5}]","[['a3'], ['m3']]",True,['m3'],False,True,False,False,False,False,False,True,False,True
4,generateCardDeck,student44,"[(3, 2), (2, 3)]",False,2,True,False,False,2,2,2,"[{2, 4}, {2, 4}]","[[0], [0]]",False,[],False,False,False,False,False,True,True,False,True,False
5,generateCardDeck,student50,"[(1, 1), (1, 1)]",True,2,True,False,False,0,2,0,"[{1, 2, 3, 4, 5}, {1, 2, 3, 4, 5}]","[['m3'], ['m3']]",True,[0],True,False,False,False,False,False,True,False,False,True
6,generateCardDeck,student59,"[(3, 3), (3, 3), (3, 3), (3, 3)]",False,4,True,True,False,4,3,2,"[{1, 2, 5}, {1, 2, 3, 5}, {1, 2, 3, 5}, {1, 2, 3, 5}]","[[0], ['a3'], ['l3'], [0]]",False,[],False,False,False,False,False,False,False,True,True,False
7,generateCardDeck,student60,"[(1, 6), (6, 1)]",True,2,True,False,False,2,1,0,"[{1, 2, 3, 4}, {1, 2, 3, 4}]","[['a3'], ['m3']]",True,['l3'],False,False,False,True,False,False,False,True,True,False
8,generateCardDeck,student63,[],True,0,False,False,True,0,0,0,[],[],False,[],False,False,False,False,False,False,False,False,False,False
9,generateCardDeck,student64,"[(1, 3), (3, 1)]",True,2,True,False,False,2,1,0,"[{2, 3}, {2, 3}]","[['a3'], ['l3']]",True,[0],True,False,False,False,False,False,False,True,True,False
10,generateCardDeck,student69,"[(1, 1)]",False,1,True,False,False,1,1,1,"[{1, 2}]",[[0]],True,[0],True,False,False,False,False,True,True,False,True,False
11,generateCardDeck,student75,"[(1, 5), (5, 1), (1, 5)]",False,3,True,False,False,3,3,3,"[{1, 2}, {1, 2}, {1, 2}]","[[0], [0], [0]]",False,[],False,False,False,False,False,True,True,False,True,False
12,generateCardDeck,student79,"[(1, 1), (1, 1)]",False,2,True,False,False,2,2,0,"[{1, 2, 3, 4}, {1, 2, 3, 4}]","[['m3'], ['m3']]",False,[],False,False,False,False,False,False,True,False,True,False
13,fib,student11,[],True,0,False,False,True,0,0,0,[],[],False,[],False,False,False,False,False,False,False,False,False,False
14,fib,student13,"[(9, 7), (7, 9), (9, 7), (7, 9)]",True,4,True,True,False,4,4,4,"[{1, 2}, {1, 2}, {1, 2}, {1, 2}]","[[0], [0], [0], [0]]",True,['a4'],False,False,True,False,False,True,True,False,True,False
15,fib,student16,"[(6, 6)]",False,1,True,False,False,1,0,0,"[{2, 5}]",[['a2']],False,[],False,False,False,False,False,False,False,True,True,False
16,fib,student2,"[(6, 6), (6, 6)]",True,2,True,False,False,2,2,0,"[{2, 5}, {2, 5}]","[['m2'], ['m2']]",True,['m5'],False,True,False,False,False,False,True,False,True,False
17,fib,student22,[],True,0,False,False,True,0,0,0,[],[],False,[],False,False,False,False,False,False,False,False,False,False
18,fib,student37,[],True,0,False,False,True,0,0,0,[],[],False,[],False,False,False,False,False,False,False,False,False,False
19,fib,student5,"[(6, 6), (6, 6)]",False,2,True,False,False,2,2,1,"[{2, 5}, {2, 5}]","[[0], ['m2']]",False,[],False,False,False,False,False,False,True,False,True,False
20,fib,student8,[],True,0,False,False,True,0,0,0,[],[],False,[],False,False,False,False,False,False,False,False,False,False
21,pattern,student17,[],True,0,False,False,True,0,0,0,[],[],False,[],False,False,False,False,False,False,False,False,False,False
22,pattern,student25,[],True,0,False,False,True,0,0,0,[],[],False,[],False,False,False,False,False,False,False,False,False,False
23,pattern,student26,[],False,0,False,False,True,0,0,0,[],[],False,[],False,False,False,False,False,False,False,False,False,False
24,pattern,student3,"[(2, 9), (9, 5), (5, 2)]",False,3,True,False,False,2,1,0,"[{1, 2, 3, 4, 5}, {1, 4, 5}, {1, 4, 5}]","[['a2', 'a3'], ['d2', 'd3'], ['m4']]",True,[0],True,False,False,False,False,False,False,True,False,True
25,pattern,student4,[],True,0,False,False,True,0,0,0,[],[],False,[],False,False,False,False,False,False,False,False,False,False
26,pattern,student41,"[(1, 1)]",True,1,True,False,False,1,1,0,"[{2, 3, 4, 5}]",[['m4']],True,['m4'],False,True,False,False,False,False,True,False,True,False
27,total_bill,student23,"[(2, 6), (6, 2)]",False,2,True,False,False,2,2,1,"[{1, 2, 3, 5, 6, 8}, {1, 2, 3, 5, 6, 8}]","[[0], ['m2']]",True,"['a4', 'd5']",False,False,True,False,True,False,True,False,True,False
28,total_bill,student33,[],True,0,False,False,True,0,0,0,[],[],False,[],False,False,False,False,False,False,False,False,False,False
29,total_bill,student35,[],True,0,False,False,True,0,0,0,[],[],False,[],False,False,False,False,False,False,False,False,False,False
30,total_bill,student40,[],True,0,False,False,True,0,0,0,[],[],False,[],False,False,False,False,False,False,False,False,False,False
31,total_bill,student44,[],True,0,False,False,True,0,0,0,[],[],False,[],False,False,False,False,False,False,False,False,False,False
32,total_bill,student50,[],True,0,False,False,True,0,0,0,[],[],False,[],False,False,False,False,False,False,False,False,False,False
33,total_bill,student59,"[(8, 4), (4, 8)]",False,2,True,False,False,2,2,1,"[{1, 2, 3, 4, 5, 6, 8}, {1, 2, 3, 4, 5, 6, 8}]","[['m6'], [0]]",False,[],False,False,False,False,False,False,True,False,True,False
34,total_bill,student60,[],True,0,False,False,True,0,0,0,[],[],False,[],False,False,False,False,False,False,False,False,False,False
35,total_bill,student63,[],True,0,False,False,True,0,0,0,[],[],False,[],False,False,False,False,False,False,False,False,False,False
36,total_bill,student64,"[(9, 9)]",True,1,True,False,False,1,1,1,"[{2, 4, 5, 6}]",[[0]],True,['m4'],False,True,False,False,False,True,True,False,True,False
37,total_bill,student69,"[(3, 3), (3, 3)]",False,2,True,False,False,2,2,0,"[{1, 2, 4, 5, 6}, {1, 2, 4, 5, 6}]","[['l2'], ['m4']]",False,[],False,False,False,False,False,False,True,False,True,False
38,total_bill,student75,[],True,0,False,False,True,0,0,0,[],[],False,[],False,False,False,False,False,False,False,False,False,False
39,total_bill,student79,[],True,0,False,False,True,0,0,0,[],[],False,[],False,False,False,False,False,False,False,False,False,False
40,translate,student23,"[(3, 3)]",False,1,True,False,False,1,1,1,"[{1, 2, 4}]",[[0]],False,[],False,False,False,False,False,True,True,False,True,False
41,translate,student50,[],True,0,False,False,True,0,0,0,[],[],False,[],False,False,False,False,False,False,False,False,False,False
42,translate,student59,[],True,0,False,False,True,0,0,0,[],[],False,[],False,False,False,False,False,False,False,False,False,False
43,translate,student60,"[(8, 8)]",True,1,True,False,False,1,1,1,"[{1, 2, 4, 5}]",[[0]],True,['a6'],False,False,True,False,False,True,True,False,True,False
44,translate,student64,"[(5, 5), (5, 5)]",False,2,True,False,False,2,2,0,"[{4, 5}, {4, 5}]","[['m4'], ['m4']]",False,[],False,False,False,False,False,False,True,False,True,False
45,translate,student69,"[(2, 2)]",False,1,True,False,False,1,1,0,"[{2, 3, 4}]",[['m4']],False,[],False,False,False,False,False,False,True,False,True,False
46,translate,student75,"[(2, 1), (1, 2)]",False,2,True,False,False,2,2,2,"[{2, 4, 6}, {2, 4, 6}]","[[0], [0]]",False,[],False,False,False,False,False,True,True,False,True,False
47,student_grades,student11,"[(7, 7), (7, 7)]",False,2,True,False,False,2,2,1,"[{2}, {2}]","[['m2'], [0]]",False,[],False,False,False,False,False,False,True,False,True,False
48,student_grades,student16,[],False,0,False,False,True,0,0,0,[],[],False,[],False,False,False,False,False,False,False,False,False,False
49,student_grades,student2,[],False,0,False,False,True,0,0,0,[],[],False,[],False,False,False,False,False,False,False,False,False,False
50,student_grades,student5,[],False,0,False,False,True,0,0,0,[],[],False,[],False,False,False,False,False,False,False,False,False,False
51,student_grades,student61,[],False,0,False,False,True,0,0,0,[],[],False,[],False,False,False,False,False,False,False,False,False,False
52,student_grades,student74,[],False,0,False,False,True,0,0,0,[],[],False,[],False,False,False,False,False,False,False,False,False,False
53,convert,student10,[],False,0,False,False,True,0,0,0,[],[],False,[],False,False,False,False,False,False,False,False,False,False
54,convert,student17,"[(42, 22), (22, 42)]",True,2,True,False,False,2,1,0,"[{2, 3, 4}, {2, 3, 4}]","[['a3'], ['m3']]",True,['m4'],False,True,False,False,False,False,False,True,True,False
55,convert,student21,"[(0, 40), (40, 34), (34, 0)]",True,3,True,False,False,3,3,2,"[{2, 3, 4, 5}, {2, 3, 4, 5}, {2, 3, 4, 5}]","[[0], [0], ['m4']]",True,['m4'],False,True,False,False,False,False,True,False,True,False
56,convert,student25,"[(32, 32)]",False,1,True,False,False,1,1,0,"[{2, 4}]",[['l4']],False,[],False,False,False,False,False,False,True,False,True,False
57,convert,student26,"[(20, 20)]",False,1,True,False,False,1,1,0,[{2}],[['m2']],False,[],False,False,False,False,False,False,True,False,True,False
58,convert,student3,"[(10, 16), (16, 10)]",False,2,True,False,False,2,0,0,"[set(), {2}]","[['d1', 'd2'], ['a2']]",True,[0],True,False,False,False,False,False,False,True,True,False
59,convert,student30,"[(28, 28)]",False,1,True,False,False,1,1,1,"[{2, 4}]",[[0]],True,"['a3', 'm4']",False,False,True,False,False,True,True,False,True,False
60,convert,student4,"[(34, 34)]",False,1,True,False,False,1,1,0,"[{2, 4}]",[['l2']],True,['m2'],False,True,False,False,False,False,True,False,True,False
61,convert,student41,"[(0, 0)]",False,1,True,False,False,1,1,0,"[{2, 3, 4}]",[['m4']],False,[],False,False,False,False,False,False,True,False,True,False
62,convert,student51,[],True,0,False,False,True,0,0,0,[],[],False,[],False,False,False,False,False,False,False,False,False,False
63,sortBySuccessRate,student23,"[(1, 1)]",False,1,True,False,False,1,1,0,"[{1, 2, 3, 5}]",[['m5']],True,['m1'],False,True,False,False,False,False,True,False,True,False
64,sortBySuccessRate,student33,[],False,0,False,False,True,0,0,0,[],[],False,[],False,False,False,False,False,False,False,False,False,False
65,sortBySuccessRate,student35,[],False,0,False,False,True,0,0,0,[],[],False,[],False,False,False,False,False,False,False,False,False,False
66,sortBySuccessRate,student40,[],True,0,False,False,True,0,0,0,[],[],False,[],False,False,False,False,False,False,False,False,False,False
67,sortBySuccessRate,student44,"[(17, 17)]",False,1,True,False,False,1,1,1,"[{2, 3, 5}]",[[0]],False,[],False,False,False,False,False,True,True,False,True,False
68,sortBySuccessRate,student50,[],False,0,False,False,True,0,0,0,[],[],False,[],False,False,False,False,False,False,False,False,False,False
69,sortBySuccessRate,student59,"[(16, 16)]",False,1,True,False,False,1,1,1,"[{1, 6}]",[[0]],False,[],False,False,False,False,False,True,True,False,True,False
70,sortBySuccessRate,student60,[],False,0,False,False,True,0,0,0,[],[],False,[],False,False,False,False,False,False,False,False,False,False
71,sortBySuccessRate,student63,[],True,0,False,False,True,0,0,0,[],[],False,[],False,False,False,False,False,False,False,False,False,False
72,sortBySuccessRate,student64,[],True,0,False,False,True,0,0,0,[],[],False,[],False,False,False,False,False,False,False,False,False,False
73,sortBySuccessRate,student69,[],True,0,False,False,True,0,0,0,[],[],False,[],False,False,False,False,False,False,False,False,False,False
74,sortBySuccessRate,student75,"[(3, 12), (12, 22), (22, 3)]",False,3,True,False,False,3,3,3,"[{1}, {1}, {1}]","[[0], [0], [0]]",False,[],False,False,False,False,False,True,True,False,True,False
75,sortBySuccessRate,student79,"[(11, 11)]",False,1,True,False,False,0,1,1,"[{1, 2, 3, 4, 5, 6}]",[[0]],False,[],False,False,False,False,False,True,True,False,False,True
76,laugh,student11,[],False,0,False,False,True,0,0,0,[],[],False,[],False,False,False,False,False,False,False,False,False,False
77,laugh,student13,[],False,0,False,False,True,0,0,0,[],[],False,[],False,False,False,False,False,False,False,False,False,False
78,laugh,student2,"[(23, 10), (10, 17), (17, 23)]",False,3,True,False,False,2,0,0,"[{1, 3, 5, 6}, {1, 2, 3, 4, 5, 6}, {1, 3, 5, 6}]","[['m3', 'a5', 'a6'], ['a2', 'm3', 'a4', 'm5', 'm6'], ['l3', 'd2', 'd4']]",True,['d5'],False,False,False,False,True,False,False,True,False,True
79,laugh,student22,"[(5, 5)]",False,1,True,False,False,1,1,1,[{3}],[[0]],True,['d3'],False,False,False,False,True,True,True,False,True,False
80,laugh,student37,[],True,0,False,False,True,0,0,0,[],[],False,[],False,False,False,False,False,False,False,False,False,False
81,laugh,student5,"[(2, 2)]",False,1,True,False,False,1,1,0,"[{1, 4, 6}]",[['m4']],False,[],False,False,False,False,False,False,True,False,True,False
82,laugh,student72,"[(12, 25), (25, 12), (12, 25)]",False,3,True,False,False,3,1,1,"[{1, 2, 3, 5, 6}, {1, 2, 3, 6}, {1, 2, 3, 5, 6}]","[[0], ['d5'], ['a5']]",False,[],False,False,False,False,False,False,False,True,True,False
83,laugh,student8,"[(15, 30), (30, 15)]",False,2,True,False,False,2,1,0,"[{1, 2, 4, 5, 6}, {1, 2, 4, 5, 6}]","[['a5'], ['l5']]",True,[0],True,False,False,False,False,False,False,True,True,False
84,times_with,student23,"[(4, 4), (4, 4), (4, 4)]",False,3,True,False,False,3,3,1,"[{1, 2, 3, 4}, {1, 2, 3, 4}, {1, 2, 3, 4}]","[['m3'], ['m2'], [0]]",False,[],False,False,False,False,False,False,True,False,True,False
85,times_with,student35,[],False,0,False,False,True,0,0,0,[],[],False,[],False,False,False,False,False,False,False,False,False,False
86,times_with,student40,"[(4, 4), (4, 4)]",False,2,True,False,False,2,1,1,"[{1, 2, 3, 4}, {1, 2, 3, 4}]","[['a2'], [0]]",False,[],False,False,False,False,False,False,False,True,True,False
87,times_with,student50,"[(5, 5)]",False,1,True,False,False,1,1,1,"[{3, 4}]",[[0]],True,['m4'],False,True,False,False,False,True,True,False,True,False
88,times_with,student59,"[(4, 4)]",False,1,True,False,False,1,0,0,"[{1, 2, 3, 5}]",[['a5']],True,['m2'],False,True,False,False,False,False,False,True,True,False
89,times_with,student60,[],True,0,False,False,True,0,0,0,[],[],False,[],False,False,False,False,False,False,False,False,False,False
90,times_with,student63,[],True,0,False,False,True,0,0,0,[],[],False,[],False,False,False,False,False,False,False,False,False,False
91,times_with,student64,[],False,0,False,False,True,0,0,0,[],[],False,[],False,False,False,False,False,False,False,False,False,False
92,times_with,student69,[],True,0,False,False,True,0,0,0,[],[],False,[],False,False,False,False,False,False,False,False,False,False
93,times_with,student75,[],True,0,False,False,True,0,0,0,[],[],False,[],False,False,False,False,False,False,False,False,False,False
94,times_with,student79,"[(1, 1), (1, 1), (1, 1)]",False,3,True,False,False,3,3,0,"[{1, 2, 3, 5}, {1, 2, 3, 5}, {1, 2, 3, 5}]","[['l5'], ['m2'], ['m3']]",False,[],False,False,False,False,False,False,True,False,True,False
95,readingIceCream,student27,[],True,0,False,False,True,0,0,0,[],[],False,[],False,False,False,False,False,False,False,False,False,False
96,readingIceCream,student29,"[(7, 7), (7, 7), (7, 7)]",False,3,True,False,False,3,3,0,"[{2, 3, 4, 5, 6, 7}, {2, 3, 4, 5, 6, 7}, {2, 3, 4, 5, 6, 7}]","[['m2'], ['m2'], ['m3']]",False,[],False,False,False,False,False,False,True,False,True,False
97,readingIceCream,student32,[],True,0,False,False,True,0,0,0,[],[],False,[],False,False,False,False,False,False,False,False,False,False
98,readingIceCream,student34,"[(7, 16), (16, 8), (8, 7)]",False,3,True,False,False,3,1,0,"[{4, 6}, {3, 4, 5, 6}, {3, 4, 5, 6}]","[['m4', 'd5'], ['a3', 'm5'], ['l3']]",False,[],False,False,False,False,False,False,False,True,True,False
99,readingIceCream,student49,"[(10, 5), (5, 10)]",False,2,True,False,False,2,2,1,"[{1, 2, 4, 5, 6}, {1, 2, 4, 5, 6}]","[[0], ['m2']]",False,[],False,False,False,False,False,False,True,False,True,False
100,readingIceCream,student62,[],True,0,False,False,True,0,0,0,[],[],False,[],False,False,False,False,False,False,False,False,False,False
101,readingIceCream,student66,[],True,0,False,False,True,0,0,0,[],[],False,[],False,False,False,False,False,False,False,False,False,False
102,readingIceCream,student67,[],False,0,False,False,True,0,0,0,[],[],False,[],False,False,False,False,False,False,False,False,False,False
103,readingIceCream,student68,[],True,0,False,False,True,0,0,0,[],[],False,[],False,False,False,False,False,False,False,False,False,False
104,readingIceCream,student70,"[(3, 3)]",True,1,True,False,False,0,0,0,"[{1, 2, 3, 4, 5, 6, 7}]",[['a5']],True,['m5'],False,True,False,False,False,False,False,True,False,True
105,readingIceCream,student78,"[(5, 9), (9, 5)]",False,2,True,False,False,2,0,0,"[{1, 2}, {1, 2, 4, 5, 6, 7}]","[['d4', 'd5', 'd6', 'd7'], ['a4', 'a5', 'a6', 'a7']]",False,[],False,False,False,False,False,False,False,True,True,False
106,set_chars,student19,[],True,0,False,False,True,0,0,0,[],[],False,[],False,False,False,False,False,False,False,False,False,False
107,set_chars,student20,"[(9, 9)]",True,1,True,False,False,1,1,1,"[{2, 3}]",[[0]],True,['a5'],False,False,True,False,False,True,True,False,True,False
108,set_chars,student36,[],False,0,False,False,True,0,0,0,[],[],False,[],False,False,False,False,False,False,False,False,False,False
109,set_chars,student38,"[(1, 1), (1, 1)]",False,2,True,False,False,2,2,1,"[{2}, {2}]","[['m2'], [0]]",False,[],False,False,False,False,False,False,True,False,True,False
110,set_chars,student42,[],True,0,False,False,True,0,0,0,[],[],False,[],False,False,False,False,False,False,False,False,False,False
111,set_chars,student43,[],False,0,False,False,True,0,0,0,[],[],False,[],False,False,False,False,False,False,False,False,False,False
112,set_chars,student57,"[(5, 4), (4, 5)]",True,2,True,False,False,2,2,0,"[{1, 2, 3, 4}, {1, 2, 3, 4}]","[['m4'], ['l4']]",True,['a5'],False,False,True,False,False,False,True,False,True,False
113,set_chars,student77,[],True,0,False,False,True,0,0,0,[],[],False,[],False,False,False,False,False,False,False,False,False,False
114,find_multiples,student11,"[(4, 4), (4, 4)]",False,2,True,False,False,2,2,2,"[set(), set()]","[[0], [0]]",True,[0],True,False,False,False,False,True,True,False,True,False
115,find_multiples,student13,"[(4, 4)]",True,1,True,False,False,1,1,1,[{1}],[[0]],True,['a2'],False,False,True,False,False,True,True,False,True,False
116,find_multiples,student16,"[(5, 5)]",False,1,True,False,False,1,1,1,[{2}],[[0]],False,[],False,False,False,False,False,True,True,False,True,False
117,find_multiples,student2,"[(6, 6)]",False,1,True,False,False,1,1,1,[set()],[[0]],False,[],False,False,False,False,False,True,True,False,True,False
118,find_multiples,student22,[],True,0,False,False,True,0,0,0,[],[],False,[],False,False,False,False,False,False,False,False,False,False
119,find_multiples,student5,[],True,0,False,False,True,0,0,0,[],[],False,[],False,False,False,False,False,False,False,False,False,False
120,find_multiples,student61,"[(4, 4)]",True,1,True,False,False,1,1,1,[{1}],[[0]],True,['a2'],False,False,True,False,False,True,True,False,True,False
121,find_multiples,student72,[],True,0,False,False,True,0,0,0,[],[],False,[],False,False,False,False,False,False,False,False,False,False
122,find_multiples,student74,[],True,0,False,False,True,0,0,0,[],[],False,[],False,False,False,False,False,False,False,False,False,False
123,print_time,student12,[],True,0,False,False,True,0,0,0,[],[],False,[],False,False,False,False,False,False,False,False,False,False
124,print_time,student36,[],True,0,False,False,True,0,0,0,[],[],False,[],False,False,False,False,False,False,False,False,False,False
125,print_time,student38,[],True,0,False,False,True,0,0,0,[],[],False,[],False,False,False,False,False,False,False,False,False,False
126,print_time,student42,[],True,0,False,False,True,0,0,0,[],[],False,[],False,False,False,False,False,False,False,False,False,False
127,print_time,student43,[],True,0,False,False,True,0,0,0,[],[],False,[],False,False,False,False,False,False,False,False,False,False
128,print_time,student54,"[(10, 10)]",True,1,True,False,False,1,1,0,"[{2, 3, 4}]",[['m3']],True,"['m2', 'm3', 'a5']",False,False,True,False,False,False,True,False,True,False
129,remove_odd,student0,"[(2, 4), (4, 2)]",True,2,True,False,False,1,0,0,"[{1, 2, 4}, {1, 2, 3, 4}]","[['d3'], ['a3']]",True,['m3'],False,True,False,False,False,False,False,True,False,True
130,remove_odd,student10,"[(2, 2), (2, 2)]",False,2,True,False,False,2,2,0,"[{2, 3, 4}, {2, 3, 4}]","[['l3'], ['l3']]",False,[],False,False,False,False,False,False,True,False,True,False
131,remove_odd,student17,"[(2, 4), (4, 2)]",False,2,True,False,False,2,1,1,"[set(), {1, 2}]","[[0], ['a1', 'a2']]",False,[],False,False,False,False,False,False,False,True,True,False
132,remove_odd,student18,[],True,0,False,False,True,0,0,0,[],[],False,[],False,False,False,False,False,False,False,False,False,False
133,remove_odd,student21,"[(2, 5), (5, 2), (2, 5)]",False,3,True,False,False,3,3,0,"[{2, 3}, {2, 3}, {2, 3}]","[['m2', 'm3'], ['l2', 'l3'], ['m2', 'm3']]",False,[],False,False,False,False,False,False,True,False,True,False
134,remove_odd,student25,"[(4, 4)]",False,1,True,False,False,0,1,1,"[{1, 2, 3, 4}]",[[0]],False,[],False,False,False,False,False,True,True,False,False,True
135,remove_odd,student26,"[(0, 2), (2, 0)]",False,2,True,False,False,2,2,1,"[{2}, {2}]","[[0], ['m2']]",False,[],False,False,False,False,False,False,True,False,True,False
136,remove_odd,student3,"[(2, 4), (4, 2)]",False,2,True,False,False,2,2,0,"[{2, 3}, {2, 3}]","[['l3'], ['m3']]",False,[],False,False,False,False,False,False,True,False,True,False
137,remove_odd,student4,"[(4, 4), (4, 4), (4, 4), (4, 4)]",False,4,True,True,False,4,4,4,"[{2, 3, 4}, {2, 3, 4}, {2, 3, 4}, {2, 3, 4}]","[[0], [0], [0], [0]]",True,[0],True,False,False,False,False,True,True,False,True,False
138,remove_odd,student41,"[(1, 1), (1, 1)]",False,2,True,False,False,0,2,1,"[{1, 2, 3, 4}, {1, 2, 3, 4}]","[[0], ['m3']]",False,[],False,False,False,False,False,False,True,False,False,True
139,remove_odd,student48,"[(2, 2)]",False,1,True,False,False,1,0,0,"[{2, 3}]",[['a3']],False,[],False,False,False,False,False,False,False,True,True,False
140,remove_odd,student51,"[(4, 4), (4, 4)]",False,2,True,False,False,2,2,2,"[{2, 3, 4}, {2, 3, 4}]","[[0], [0]]",True,['m3'],False,True,False,False,False,True,True,False,True,False
141,subtract_add,student27,[],True,0,False,False,True,0,0,0,[],[],False,[],False,False,False,False,False,False,False,False,False,False
142,subtract_add,student29,"[(11, 11)]",True,1,True,False,False,0,0,0,"[{1, 2, 3, 4, 5}]",[['a4']],True,[0],True,False,False,False,False,False,False,True,False,True
143,subtract_add,student32,[],False,0,False,False,True,0,0,0,[],[],False,[],False,False,False,False,False,False,False,False,False,False
144,subtract_add,student49,[],True,0,False,False,True,0,0,0,[],[],False,[],False,False,False,False,False,False,False,False,False,False
145,subtract_add,student62,"[(11, 11), (11, 11)]",False,2,True,False,False,2,2,1,"[{2, 3, 5}, {2, 3, 5}]","[[0], ['m3']]",True,['a4'],False,False,True,False,False,False,True,False,True,False
146,subtract_add,student66,"[(13, 13)]",True,1,True,False,False,0,0,0,"[{1, 2, 3, 4, 5}]",[['a2']],True,[0],True,False,False,False,False,False,False,True,False,True
147,subtract_add,student67,[],False,0,False,False,True,0,0,0,[],[],False,[],False,False,False,False,False,False,False,False,False,False
148,subtract_add,student68,[],True,0,False,False,True,0,0,0,[],[],False,[],False,False,False,False,False,False,False,False,False,False
149,findHorizontals,student27,[],False,0,False,False,True,0,0,0,[],[],False,[],False,False,False,False,False,False,False,False,False,False
150,findHorizontals,student32,"[(11, 11)]",False,1,True,False,False,1,1,1,"[{2, 3, 4, 5}]",[[0]],False,[],False,False,False,False,False,True,True,False,True,False
151,findHorizontals,student49,[],False,0,False,False,True,0,0,0,[],[],False,[],False,False,False,False,False,False,False,False,False,False
152,findHorizontals,student62,[],False,0,False,False,True,0,0,0,[],[],False,[],False,False,False,False,False,False,False,False,False,False
153,findHorizontals,student66,[],False,0,False,False,True,0,0,0,[],[],False,[],False,False,False,False,False,False,False,False,False,False
154,findHorizontals,student67,[],False,0,False,False,True,0,0,0,[],[],False,[],False,False,False,False,False,False,False,False,False,False
155,findHorizontals,student70,"[(1, 0), (0, 1)]",False,2,True,False,False,2,0,0,"[{2, 3, 4}, {2, 3, 4, 5}]","[['d5'], ['a5']]",True,[0],True,False,False,False,False,False,False,True,True,False
156,findHorizontals,student78,[],False,0,False,False,True,0,0,0,[],[],False,[],False,False,False,False,False,False,False,False,False,False
157,altText,student23,"[(5, 5), (5, 5)]",True,2,True,False,False,1,1,0,"[{1, 2, 4}, {1, 2, 3, 4}]","[['m2'], ['l2', 'a3']]",True,['m2'],False,True,False,False,False,False,False,True,False,True
158,altText,student35,"[(5, 5)]",True,1,True,False,False,0,1,0,"[{1, 2, 3, 4}]",[['m2']],True,['m2'],False,True,False,False,False,False,True,False,False,True
159,altText,student44,[],False,0,False,False,True,0,0,0,[],[],False,[],False,False,False,False,False,False,False,False,False,False
160,altText,student59,"[(11, 11), (11, 11)]",False,2,True,False,False,2,2,2,"[{1, 3}, {1, 3}]","[[0], [0]]",False,[],False,False,False,False,False,True,True,False,True,False
161,altText,student63,[],False,0,False,False,True,0,0,0,[],[],False,[],False,False,False,False,False,False,False,False,False,False
162,altText,student75,[],True,0,False,False,True,0,0,0,[],[],False,[],False,False,False,False,False,False,False,False,False,False
163,combine,student19,[],True,0,False,False,True,0,0,0,[],[],False,[],False,False,False,False,False,False,False,False,False,False
164,combine,student20,"[(5, 1), (1, 5)]",True,2,True,False,False,2,0,0,"[{1, 2}, {1}]","[['a2'], ['d2']]",True,['a2'],False,False,True,False,False,False,False,True,True,False
165,combine,student42,[],True,0,False,False,True,0,0,0,[],[],False,[],False,False,False,False,False,False,False,False,False,False
166,combine,student43,[],False,0,False,False,True,0,0,0,[],[],False,[],False,False,False,False,False,False,False,False,False,False
167,combine,student54,"[(5, 5)]",True,1,True,False,False,1,0,0,"[{1, 3}]",[['a3']],True,"['m1', 'a2']",False,False,True,False,False,False,False,True,True,False
168,topScores,student14,"[(41, 41), (41, 41)]",False,2,True,False,False,2,1,1,"[{2}, {2}]","[['d3'], [0]]",False,[],False,False,False,False,False,False,False,True,True,False
169,topScores,student15,"[(5, 1), (1, 15), (15, 5)]",False,3,True,False,False,3,3,1,"[{1, 2, 3, 4}, {1, 2, 3, 4}, {1, 2, 3, 4}]","[[0], ['l3'], ['m2']]",False,[],False,False,False,False,False,False,True,False,True,False
170,topScores,student24,[],False,0,False,False,True,0,0,0,[],[],False,[],False,False,False,False,False,False,False,False,False,False
171,topScores,student31,[],True,0,False,False,True,0,0,0,[],[],False,[],False,False,False,False,False,False,False,False,False,False
172,topScores,student39,[],False,0,False,False,True,0,0,0,[],[],False,[],False,False,False,False,False,False,False,False,False,False
173,topScores,student53,"[(10, 10)]",True,1,True,False,False,0,1,1,"[{1, 2, 3, 4, 5, 6}]",[[0]],True,"['l1', 'l4']",False,False,False,True,False,True,True,False,False,True
174,topScores,student55,[],True,0,False,False,True,0,0,0,[],[],False,[],False,False,False,False,False,False,False,False,False,False
175,topScores,student65,[],False,0,False,False,True,0,0,0,[],[],False,[],False,False,False,False,False,False,False,False,False,False
176,topScores,student7,"[(22, 43), (43, 18), (18, 12), (12, 20), (20, 17), (17, 22)]",False,6,True,True,False,6,4,4,"[{1, 3, 4}, {1, 3, 4}, {1, 3, 4}, {1, 3, 4, 5}, {1, 3, 4, 5}, {1, 3, 4, 5}]","[[0], [0], ['a4'], ['a5'], [0], [0]]",True,[0],True,False,False,False,False,False,False,True,True,False
177,topScores,student9,"[(30, 8), (8, 39), (39, 17), (17, 30)]",False,4,True,True,False,4,3,3,"[{2, 4}, {4}, {4}, {4}]","[[0], ['d2'], [0], [0]]",False,[],False,False,False,False,False,False,False,True,True,False
178,sort_physicists,student12,"[(2, 2), (2, 2)]",True,2,True,False,False,2,2,0,"[{1, 3, 4, 5, 6}, {1, 3, 4, 5, 6}]","[['m5'], ['m1']]",True,['m5'],False,True,False,False,False,False,True,False,True,False
179,sort_physicists,student20,[],False,0,False,False,True,0,0,0,[],[],False,[],False,False,False,False,False,False,False,False,False,False
180,sort_physicists,student36,[],True,0,False,False,True,0,0,0,[],[],False,[],False,False,False,False,False,False,False,False,False,False
181,sort_physicists,student38,"[(2, 2)]",False,1,True,False,False,1,1,1,[{1}],[[0]],False,[],False,False,False,False,False,True,True,False,True,False
182,sort_physicists,student43,[],False,0,False,False,True,0,0,0,[],[],False,[],False,False,False,False,False,False,False,False,False,False
183,sort_physicists,student54,[],True,0,False,False,True,0,0,0,[],[],False,[],False,False,False,False,False,False,False,False,False,False
184,sort_physicists,student57,"[(0, 0)]",True,1,True,False,False,1,0,0,"[{1, 3, 4, 5, 6}]","[['a4', 'a6']]",True,[0],True,False,False,False,False,False,False,True,True,False
185,sort_physicists,student77,"[(0, 6), (6, 0)]",True,2,True,False,False,0,1,0,"[{1, 2, 3, 4, 5, 6}, {1, 2, 3, 4, 5, 6}]","[['a4'], ['m5']]",True,['m4'],False,True,False,False,False,False,False,True,False,True
186,reverseWords,student1,"[(5, 5)]",True,1,True,False,False,1,1,0,"[{1, 2, 3, 4}]",[['l2']],True,['m2'],False,True,False,False,False,False,True,False,True,False
187,reverseWords,student39,[],False,0,False,False,True,0,0,0,[],[],False,[],False,False,False,False,False,False,False,False,False,False
188,reverseWords,student46,[],True,0,False,False,True,0,0,0,[],[],False,[],False,False,False,False,False,False,False,False,False,False
189,reverseWords,student55,[],True,0,False,False,True,0,0,0,[],[],False,[],False,False,False,False,False,False,False,False,False,False
190,reverseWords,student58,"[(1, 1), (1, 1), (1, 1)]",False,3,True,False,False,3,3,1,"[{2, 5}, {2, 5}, {2, 5}]","[['m2'], ['m5'], [0]]",False,[],False,False,False,False,False,False,True,False,True,False
191,reverseWords,student6,[],True,0,False,False,True,0,0,0,[],[],False,[],False,False,False,False,False,False,False,False,False,False
192,reverseWords,student7,[],True,0,False,False,True,0,0,0,[],[],False,[],False,False,False,False,False,False,False,False,False,False
193,planets_mass,student14,"[(7, 7)]",True,1,True,False,False,1,0,0,"[{3, 6}]",[['a6']],True,['m3'],False,True,False,False,False,False,False,True,True,False
194,planets_mass,student24,"[(16, 5), (5, 16)]",False,2,True,False,False,2,2,0,"[{4, 5, 6}, {4, 5, 6}]","[['m4'], ['m4']]",False,[],False,False,False,False,False,False,True,False,True,False
195,planets_mass,student46,"[(16, 16)]",True,1,True,False,False,0,1,1,"[{1, 2, 3, 4, 5, 6}]",[[0]],True,['l1'],False,False,False,True,False,True,True,False,False,True
196,planets_mass,student47,"[(10, 10)]",False,1,True,False,False,1,1,0,"[{2, 3, 5}]",[['m5']],True,"['m2', 'm3']",False,True,False,False,False,False,True,False,True,False
197,planets_mass,student53,[],True,0,False,False,True,0,0,0,[],[],False,[],False,False,False,False,False,False,False,False,False,False
198,planets_mass,student55,"[(16, 15), (15, 16)]",True,2,True,False,False,1,0,0,"[{1, 4, 5, 6}, {1, 2, 3, 4, 5, 6}]","[['l1', 'd2', 'd3'], ['a2', 'a3', 'm1']]",True,"['m2', 'm3']",False,True,False,False,False,False,False,True,False,True
199,planets_mass,student58,[],False,0,False,False,True,0,0,0,[],[],False,[],False,False,False,False,False,False,False,False,False,False
200,planets_mass,student65,"[(15, 15), (15, 15)]",False,2,True,False,False,1,0,0,"[{4, 5, 6}, {1, 2, 3, 4, 5, 6}]","[['d1'], ['a1', 'a2', 'a3', 'm4']]",True,['m4'],False,True,False,False,False,False,False,True,False,True
201,increaseScore,student23,[],True,0,False,False,True,0,0,0,[],[],False,[],False,False,False,False,False,False,False,False,False,False
202,increaseScore,student33,[],True,0,False,False,True,0,0,0,[],[],False,[],False,False,False,False,False,False,False,False,False,False
203,increaseScore,student35,"[(5, 5)]",False,1,True,False,False,1,1,0,"[{1, 2, 3, 4}]",[['m3']],False,[],False,False,False,False,False,False,True,False,True,False
204,increaseScore,student50,[],True,0,False,False,True,0,0,0,[],[],False,[],False,False,False,False,False,False,False,False,False,False
205,increaseScore,student59,[],True,0,False,False,True,0,0,0,[],[],False,[],False,False,False,False,False,False,False,False,False,False
206,increaseScore,student75,[],True,0,False,False,True,0,0,0,[],[],False,[],False,False,False,False,False,False,False,False,False,False
207,add_up,student1,"[(3, 0), (0, 3)]",False,2,True,False,False,2,2,2,"[{2, 3, 4}, {2, 3, 4}]","[[0], [0]]",False,[],False,False,False,False,False,True,True,False,True,False
208,add_up,student14,"[(3, 3), (3, 3)]",False,2,True,False,False,2,1,1,"[{4, 5, 6}, {4, 5, 6}]","[['a5'], [0]]",True,['d6'],False,False,False,False,True,False,False,True,True,False
209,add_up,student15,"[(3, 3), (3, 3)]",False,2,True,False,False,2,2,1,"[{2, 3, 4, 5}, {2, 3, 4, 5}]","[['m3'], [0]]",False,[],False,False,False,False,False,False,True,False,True,False
210,add_up,student24,[],True,0,False,False,True,0,0,0,[],[],False,[],False,False,False,False,False,False,False,False,False,False
211,add_up,student31,"[(11, 11)]",False,1,True,False,False,1,1,0,"[{1, 3, 4}]",[['m1']],True,['m4'],False,True,False,False,False,False,True,False,True,False
212,add_up,student45,"[(3, 3), (3, 3)]",False,2,True,False,False,2,2,1,"[{2, 3, 4}, {2, 3, 4}]","[['m2', 'm3'], [0]]",False,[],False,False,False,False,False,False,True,False,True,False
213,add_up,student46,"[(3, 3), (3, 3), (3, 3), (3, 3)]",False,4,True,True,False,4,3,3,"[{2, 3, 4}, {2, 3, 4}, {2, 3, 4}, {2, 3, 4}]","[['a3'], [0], [0], [0]]",False,[],False,False,False,False,False,False,False,True,True,False
214,add_up,student47,"[(3, 12), (12, 3)]",False,2,True,False,False,2,2,2,"[{3, 4}, {3, 4}]","[[0], [0]]",False,[],False,False,False,False,False,True,True,False,True,False
215,add_up,student55,[],True,0,False,False,True,0,0,0,[],[],False,[],False,False,False,False,False,False,False,False,False,False
216,add_up,student58,"[(7, 0), (0, 7)]",False,2,True,False,False,2,0,0,"[{2, 4}, {2, 3, 4}]","[['d3'], ['a3']]",True,['d3'],False,False,False,False,True,False,False,True,True,False
217,add_up,student6,"[(3, 3)]",False,1,True,False,False,1,0,0,"[{2, 4, 5}]","[['m4', 'm2', 'a5']]",True,['a6'],False,False,True,False,False,False,False,True,True,False
218,add_up,student65,"[(3, 7), (7, 3)]",False,2,True,False,False,2,2,1,"[{2, 3, 4, 5}, {2, 3, 4, 5}]","[['m4'], [0]]",True,['a1'],False,False,True,False,False,False,True,False,True,False
219,add_up,student7,"[(3, 3), (3, 3), (3, 3)]",True,3,True,False,False,3,3,3,"[{2, 3, 4, 5}, {2, 3, 4, 5}, {2, 3, 4, 5}]","[[0], [0], [0]]",True,"['d3', 'd2', 'd4', 'd5']",False,False,False,False,True,True,True,False,True,False
220,add_up,student9,"[(7, 3), (3, 7)]",False,2,True,False,False,2,1,1,"[{4, 6}, {4}]","[[0], ['d6']]",False,[],False,False,False,False,False,False,False,True,True,False
221,check_prime,student29,"[(2, 2)]",True,1,True,False,False,1,0,0,"[{1, 2, 3}]",[['a1']],True,[0],True,False,False,False,False,False,False,True,True,False
222,check_prime,student32,[],True,0,False,False,True,0,0,0,[],[],False,[],False,False,False,False,False,False,False,False,False,False
223,check_prime,student34,"[(2, 2)]",False,1,True,False,False,1,1,0,"[{2, 3}]",[['l3']],False,[],False,False,False,False,False,False,True,False,True,False
224,check_prime,student49,"[(2, 2)]",True,1,True,False,False,1,0,0,"[{1, 2, 3}]",[['a1']],True,['m1'],False,True,False,False,False,False,False,True,True,False
225,check_prime,student66,"[(3, 3), (3, 3)]",True,2,True,False,False,2,1,0,"[{1, 2, 3}, {1, 2, 3}]","[['a1'], ['m1']]",True,['m1'],False,True,False,False,False,False,False,True,True,False
226,check_prime,student67,[],True,0,False,False,True,0,0,0,[],[],False,[],False,False,False,False,False,False,False,False,False,False
227,check_prime,student68,"[(2, 1), (1, 2)]",False,2,True,False,False,2,2,2,"[{1, 2, 3}, {1, 2, 3}]","[[0], [0]]",False,[],False,False,False,False,False,True,True,False,True,False
228,check_prime,student70,"[(4, 4)]",True,1,True,False,False,1,0,0,"[{1, 3}]",[['a1']],True,['m1'],False,True,False,False,False,False,False,True,True,False
229,sortedBooks,student27,[],True,0,False,False,True,0,0,0,[],[],False,[],False,False,False,False,False,False,False,False,False,False
230,sortedBooks,student29,"[(6, 12), (12, 6)]",True,2,True,False,False,2,2,2,"[{2, 3, 6}, {2, 3, 6}]","[[0], [0]]",True,[0],True,False,False,False,False,True,True,False,True,False
231,sortedBooks,student32,"[(2, 2)]",False,1,True,False,False,1,1,1,"[{4, 5, 6}]",[[0]],False,[],False,False,False,False,False,True,True,False,True,False
232,sortedBooks,student49,[],True,0,False,False,True,0,0,0,[],[],False,[],False,False,False,False,False,False,False,False,False,False
233,sortedBooks,student62,"[(11, 11)]",False,1,True,False,False,1,1,0,"[{2, 3}]",[['m3']],False,[],False,False,False,False,False,False,True,False,True,False
234,sortedBooks,student66,"[(8, 8)]",False,1,True,False,False,1,1,0,"[{4, 5}]",[['m5']],False,[],False,False,False,False,False,False,True,False,True,False
235,sortedBooks,student67,"[(4, 13), (13, 4)]",False,2,True,False,False,2,2,2,"[{2, 3, 6}, {2, 3, 6}]","[[0], [0]]",True,['l6'],False,False,False,True,False,True,True,False,True,False
236,sortedBooks,student68,"[(11, 11)]",True,1,True,False,False,1,1,0,"[{1, 2, 3, 6}]",[['m6']],True,"['a4', 'a5']",False,False,True,False,False,False,True,False,True,False
237,sortedBooks,student70,"[(11, 9), (9, 11)]",True,2,True,False,False,2,1,0,"[{1, 2, 3, 6}, {1, 2, 3, 6}]","[['a1'], ['m1']]",True,"['a4', 'a5']",False,False,True,False,False,False,False,True,True,False
238,sortedBooks,student78,"[(3, 3), (3, 3)]",False,2,True,False,False,2,2,2,"[{1, 2, 3, 6}, {1, 2, 3, 6}]","[[0], [0]]",False,[],False,False,False,False,False,True,True,False,True,False
239,percentWin,student0,[],True,0,False,False,True,0,0,0,[],[],False,[],False,False,False,False,False,False,False,False,False,False
240,percentWin,student10,"[(14, 14)]",False,1,True,False,False,0,0,0,"[{1, 2, 3, 4, 5, 6}]",[['a4']],False,[],False,False,False,False,False,False,False,True,False,True
241,percentWin,student17,"[(11, 11)]",True,1,True,False,False,1,1,0,"[{2, 3}]",[['m3']],True,['m3'],False,True,False,False,False,False,True,False,True,False
242,percentWin,student18,[],True,0,False,False,True,0,0,0,[],[],False,[],False,False,False,False,False,False,False,False,False,False
243,percentWin,student21,[],True,0,False,False,True,0,0,0,[],[],False,[],False,False,False,False,False,False,False,False,False,False
244,percentWin,student25,[],True,0,False,False,True,0,0,0,[],[],False,[],False,False,False,False,False,False,False,False,False,False
245,percentWin,student26,"[(9, 11), (11, 9)]",False,2,True,False,False,2,1,1,"[{2, 3}, {2, 3, 5}]","[[0], ['a5']]",True,[0],True,False,False,False,False,False,False,True,True,False
246,percentWin,student3,[],True,0,False,False,True,0,0,0,[],[],False,[],False,False,False,False,False,False,False,False,False,False
247,percentWin,student30,[],True,0,False,False,True,0,0,0,[],[],False,[],False,False,False,False,False,False,False,False,False,False
248,percentWin,student4,"[(14, 14)]",True,1,True,False,False,1,1,0,"[{2, 3, 4, 5, 6}]",[['m4']],True,['m4'],False,True,False,False,False,False,True,False,True,False
249,percentWin,student41,"[(0, 0), (0, 0)]",False,2,True,False,False,2,1,1,"[{1, 2, 3, 5}, {1, 2, 3, 5}]","[['a5'], [0]]",False,[],False,False,False,False,False,False,False,True,True,False
250,percentWin,student51,[],True,0,False,False,True,0,0,0,[],[],False,[],False,False,False,False,False,False,False,False,False,False
251,changeSection,student10,[],True,0,False,False,True,0,0,0,[],[],False,[],False,False,False,False,False,False,False,False,False,False
252,changeSection,student17,"[(4, 11), (11, 4)]",False,2,True,False,False,2,1,1,"[{2, 3, 4}, {2, 3, 4}]","[['m2', 'a3', 'a4'], [0]]",False,[],False,False,False,False,False,False,False,True,True,False
253,changeSection,student18,[],False,0,False,False,True,0,0,0,[],[],False,[],False,False,False,False,False,False,False,False,False,False
254,changeSection,student21,"[(4, 4)]",False,1,True,False,False,0,1,1,"[{1, 2, 3, 4}]",[[0]],True,[0],True,False,False,False,False,True,True,False,False,True
255,changeSection,student25,[],True,0,False,False,True,0,0,0,[],[],False,[],False,False,False,False,False,False,False,False,False,False
256,changeSection,student26,[],True,0,False,False,True,0,0,0,[],[],False,[],False,False,False,False,False,False,False,False,False,False
257,changeSection,student3,"[(4, 4), (4, 4), (4, 4)]",False,3,True,False,False,3,3,2,"[{1, 2, 3}, {1, 2, 3}, {1, 2, 3}]","[[0], [0], ['m2', 'm3']]",False,[],False,False,False,False,False,False,True,False,True,False
258,changeSection,student30,[],True,0,False,False,True,0,0,0,[],[],False,[],False,False,False,False,False,False,False,False,False,False
259,changeSection,student4,"[(4, 4), (4, 4)]",False,2,True,False,False,2,1,1,"[{1, 2}, {1, 2, 3}]","[[0], ['m2', 'a3']]",False,[],False,False,False,False,False,False,False,True,True,False
260,changeSection,student41,"[(9, 9), (9, 9)]",False,2,True,False,False,2,2,0,"[{2, 3, 4}, {2, 3, 4}]","[['m2', 'l3', 'm4'], ['m3']]",False,[],False,False,False,False,False,False,True,False,True,False
261,assessVowels,student13,[],True,0,False,False,True,0,0,0,[],[],False,[],False,False,False,False,False,False,False,False,False,False
262,assessVowels,student16,[],True,0,False,False,True,0,0,0,[],[],False,[],False,False,False,False,False,False,False,False,False,False
263,assessVowels,student2,"[(3, 6), (6, 3)]",False,2,True,False,False,2,1,0,"[{2, 3}, {2, 3}]","[['l3', 'd4'], ['m3']]",False,[],False,False,False,False,False,False,False,True,True,False
264,assessVowels,student22,[],True,0,False,False,True,0,0,0,[],[],False,[],False,False,False,False,False,False,False,False,False,False
265,assessVowels,student37,[],True,0,False,False,True,0,0,0,[],[],False,[],False,False,False,False,False,False,False,False,False,False
266,assessVowels,student5,"[(0, 0), (0, 0)]",False,2,True,False,False,0,2,0,"[{1, 2, 3, 4}, {1, 2, 3, 4}]","[['m4'], ['m4']]",False,[],False,False,False,False,False,False,True,False,False,True
267,assessVowels,student72,[],True,0,False,False,True,0,0,0,[],[],False,[],False,False,False,False,False,False,False,False,False,False
268,assessVowels,student74,[],True,0,False,False,True,0,0,0,[],[],False,[],False,False,False,False,False,False,False,False,False,False
269,add_int,student19,[],True,0,False,False,True,0,0,0,[],[],False,[],False,False,False,False,False,False,False,False,False,False
270,add_int,student36,[],True,0,False,False,True,0,0,0,[],[],False,[],False,False,False,False,False,False,False,False,False,False
271,add_int,student38,[],True,0,False,False,True,0,0,0,[],[],False,[],False,False,False,False,False,False,False,False,False,False
272,add_int,student42,[],True,0,False,False,True,0,0,0,[],[],False,[],False,False,False,False,False,False,False,False,False,False
273,add_int,student54,[],True,0,False,False,True,0,0,0,[],[],False,[],False,False,False,False,False,False,False,False,False,False
274,add_int,student77,[],True,0,False,False,True,0,0,0,[],[],False,[],False,False,False,False,False,False,False,False,False,False
275,create_list,student20,[],True,0,False,False,True,0,0,0,[],[],False,[],False,False,False,False,False,False,False,False,False,False
276,create_list,student36,"[(5, 5)]",True,1,True,False,False,1,1,1,"[{2, 3, 5}]",[[0]],True,['a4'],False,False,True,False,False,True,True,False,True,False
277,create_list,student42,[],True,0,False,False,True,0,0,0,[],[],False,[],False,False,False,False,False,False,False,False,False,False
278,create_list,student43,[],True,0,False,False,True,0,0,0,[],[],False,[],False,False,False,False,False,False,False,False,False,False
279,create_list,student54,[],True,0,False,False,True,0,0,0,[],[],False,[],False,False,False,False,False,False,False,False,False,False
280,create_list,student57,[],True,0,False,False,True,0,0,0,[],[],False,[],False,False,False,False,False,False,False,False,False,False
281,getSeason,student1,[],False,0,False,False,True,0,0,0,[],[],False,[],False,False,False,False,False,False,False,False,False,False
282,getSeason,student14,"[(13, 13)]",False,1,True,False,False,1,1,0,"[{2, 3, 4}]",[['m4']],False,[],False,False,False,False,False,False,True,False,True,False
283,getSeason,student24,"[(4, 4)]",False,1,True,False,False,1,1,1,[{2}],[[0]],False,[],False,False,False,False,False,True,True,False,True,False
284,getSeason,student28,"[(2, 2), (2, 2), (2, 2)]",False,3,True,False,False,3,1,0,"[{1, 2}, {1, 2}, {1, 2, 4}]","[['a1'], ['m2'], ['a4']]",False,[],False,False,False,False,False,False,False,True,True,False
285,getSeason,student39,[],False,0,False,False,True,0,0,0,[],[],False,[],False,False,False,False,False,False,False,False,False,False
286,getSeason,student46,"[(8, 8)]",True,1,True,False,False,1,1,1,"[{1, 2}]",[[0]],True,['a3'],False,False,True,False,False,True,True,False,True,False
287,getSeason,student47,[],True,0,False,False,True,0,0,0,[],[],False,[],False,False,False,False,False,False,False,False,False,False
288,getSeason,student65,[],False,0,False,False,True,0,0,0,[],[],False,[],False,False,False,False,False,False,False,False,False,False
289,getSeason,student7,[],True,0,False,False,True,0,0,0,[],[],False,[],False,False,False,False,False,False,False,False,False,False
